Nota;Fecha;Medio;Tema;Subtema;Sub-subtema;Link;
Reduce afluencia de visitantes a la Vía RecreActiva en el último domingo del 2023;31/12/2023;El Occidental;Bicicleta;Vía recreactiva;Varios;https://www.eloccidental.com.mx/local/reduce-afluencia-de-visitantes-a-la-via-recreactiva-en-el-ultimo-domingo-del-2023-11220177.html;
Piden 24 colectivos al ayuntamiento de Zapopan continuar proyecto de remodelación de la avenida Copérnico;29/12/2023;Lider 919;Bicicleta;Ciclovía;Acciones ciudadanas;https://lider919.com/piden-24-colectivos-al-ayuntamiento-de-zapopan-continuar-proyecto-de-remodelacion-de-la-avenida-copernico/;
Vecinos de Paseos del Sol inconformes por obra vial | Imagen GDL con Fabiola Anaya;23/12/2023;Canal 44;Bicicleta;Ciclovía;Oposición;https://www.youtube.com/watch?v=rTvICkn_ez8;
Habrá Vía RecreActiva el 24 y 31 de diciembre;23/12/2023;NTR Guadalajara;Bicicleta;Vía recreactiva;Varios;https://www.ntrguadalajara.com/post.php?id_nota=207688;
Suspenden ciclovía en Copérnico, Zapopan por desaprobación de los vecinos;21/12/2023;Milenio;Bicicleta;Ciclovía;Oposición;https://www.milenio.com/politica/comunidad/zapopan-suspenden-ciclovia-copernico-desaprobacion-vecinos;
Suspenden construcción de ciclovía en avenida Copérnico, Zapopan, por desaprobación de los vecinos;21/12/2023;Telediario;Bicicleta;Ciclovía;Oposición;https://www.telediario.mx/comunidad/construccion-ciclovia-avenida-copernico-zapopan-suspendida;
Protestan contra ciclovía y obras en Paseos del Sol;15/12/2023;NTR Guadalajara;Bicicleta;Ciclovía;Oposición;https://www.meganoticias.mx/guadalajara/noticia/protestan-contra-ciclovia-y-obras-en-paseos-del-sol/483837;
Cuándo es la rodada navideña organizada por MiBici Pública Guadalajara;12/12/2023;Telediario;Bicicleta;Bici pública;Rodada;https://www.telediario.mx/comunidad/mibici-publica-en-guadalajara-tendra-una-rodada-navidena;
Vecinos de Zapopan se oponen a construcción de ciclovía en avenida Copérnico;11/12/2023;Milenio;Bicicleta;Ciclovía;Oposición;https://www.milenio.com/politica/comunidad/ciclovia-zapopan-vecinos-paseos-sol-oponen-obras;
Zapopan gastará 11 mil 545 MDP en 2024;09/12/2023;Lider 919;Bicicleta;Ciclovía;Presupuesto;https://lider919.com/zapopan-gastara-de-11-mil-545-millones-de-pesos-en-2024/;
Se iguala cifra de 2022 de ciclistas fallecidos ;08/12/2023;Trafico ZMG;Bicicleta;Siniestralidad;Registro;https://traficozmg.com/2023/12/se-iguala-cifra-de-2022-de-ciclistas-fallecidos-en-la-zmg/;
Presumen expansión de MiBici;05/12/2023;Mural;Bicicleta;Bici pública;Varios;https://www.mural.com.mx/presumen-expansion-de-mibici/ar2721632;
Van 15 ciclistas muertos en 2023;04/12/2023;NTR Guadalajara;Bicicleta;Siniestralidad;Varios;https://www.ntrguadalajara.com/post.php?id_nota=206792;
Se espera un mejoramiento del programa 'MiBici';04/12/2023;El Occidental;Bicicleta;Bici pública;Varios;https://www.eloccidental.com.mx/local/se-espera-un-mejoramiento-del-programa-mibici-11095632.html;
La avenida Copérnico será beneficiada por una ciclovía | Imagen GDL con Fabiola Anaya;04/12/2023;Canal 44;Bicicleta;Ciclovía;Varios;https://www.youtube.com/watch?v=inupHxlgeYU;
Vía Recreactiva cumple 19 años y le entregan distintivo de oro en Guadalajara;03/12/2023;Milenio;Bicicleta;Vía recreactiva;Varios;https://www.milenio.com/politica/comunidad/guadalajara-via-recreactiva-cumple-19-anos;
El sistema de transporte MiBici cumple 9 años;02/12/2023;Meganoticias;Bicicleta;Bici pública;Varios;https://www.meganoticias.mx/guadalajara/noticia/el-sistema-de-transporte-mibici-cumple-9-anos/480902;
Confirman que avenida Copérnico tendrá ciclovía;30/11/2023;Notisistema;Bicicleta;Ciclovía;Infraestructura;https://www.notisistema.com/noticias/confirman-que-avenida-copernico-tendra-ciclovia/;
Mejorar la movilidad y hacer ciudades máshumanas: Objetivos de Jalisco en dos ruedas;29/11/2023;El Informador;Bicicleta;Varios;Varios;https://www.informador.mx/jalisco/Mejorar-la-movilidad-y-hacer-ciudades-mashumanas-Objetivos-de-Jalisco-en-dos-ruedas-20231128-0119.html;
Renovarán con Plan Maestro el sistema MiBici para ampliar cobertura en el AMG;29/11/2023;Crónica Jalisco;Bicicleta;Bici pública;Varios;https://www.cronicajalisco.com/notas-renovaran_con_plan_maestro_el_sistema_mibici_para_ampliar_cobertura_en_el_amg-124411-2023#google_vignette;
Expansión de MiBici, sólo en 29 colonias;28/11/2023;NTR Guadalajara;Bicicleta;Bici pública;Infraestructura;https://ntrguadalajara.com/post.php?id_nota=206510;
Impulsa Biciescuela la Dirección de Movilidad;15/11/2023;NTR Guadalajara;Bicicleta;Educación;Bici escuela;https://www.ntrguadalajara.com/post.php?id_nota=205979;
Harán ciclovía en Avenida Copérnico;15/11/2023;Mural;Bicicleta;Ciclovía;Infraestructura;https://www.mural.com.mx/haran-ciclovia-en-avenida-copernico/ar2711645;
Mi Bici Pública crece en cobertura y llegará a 29 colonias;14/11/2023;Milenio;Bicicleta;Bici pública;Infraestructura;https://www.milenio.com/politica/comunidad/mi-bici-publica-nuevas-estaciones-y-colonias-que-se-amplia;
Para finales de noviembre estará lista la quinta etapa de Mi Bici Pública: Alfaro;13/11/2023;Lider 919;Bicicleta;Bici pública;Infraestructura;https://lider919.com/para-finales-de-noviembre-estara-lista-la-quinta-etapa-de-mi-bici-publica-alfaro/;
Obligarían a ciclistas a contratar seguro;06/11/2023;Mural;Bicicleta;Ley;Propuestas;https://www.mural.com.mx/obligarian-a-ciclistas-a-contratar-seguro/ar2705632;
Vecinos Buscarían Amparo Contra Ciclovía y Parque Lineal;04/11/2023;Pagina24Jalisco;Bicicleta;Ciclovía;Oposición;https://pagina24jalisco.com.mx/2023/12/04/local/vecinos-buscarian-amparo-contra-ciclovia-y-parque-lineal/;
HAN PASADO 10 MESES DESDE QUE EL GOBERNADOR DE JALISCO, ENRIQUE ALFARO RAMÍREZ, REALIZÓ LA ENTREGA DE LA OBRA;03/11/2023;Semanario La laguna;Bicicleta;Ciclovía;Inseguridad;http://semanariolaguna.com/76840/;
Llega a 14 la crifra de ciclistas por atropellamiento;19/10/2023;Trafico ZMG;Bicicleta;Siniestralidad;Datos;https://traficozmg.com/2023/10/llega-a-14-la-cifra-de-ciclistas-muertos-por-atropellamiento-en-la-zmg/;
Mueven estación de MiBici tras violencia;18/10/2023;Mural;Bicicleta;Bici pública;Inseguridad;https://www.mural.com.mx/mueven-estacion-de-mibici-tras-violencia/ar2695329?v=2;
Agencia de Movilidad lanza Chatbot para reportar deficiencias de MiBici;17/10/2023;Canal 44;Bicicleta;Bici pública;Varios;https://www.youtube.com/watch?v=wgIXAmOQhx4;
Lanzan chatbot para reportes de infraestructura ciclista y semáforos;17/10/2023;NTR Guadalajara;Bicicleta;Ciclovía;Varios;https://www.ntrguadalajara.com/post.php?id_nota=204629;
Lanzan AMIMgo para monitorear infraestructura ciclista;16/10/2023;NTR Guadalajara;Bicicleta;Ciclovía;Varios;https://www.ntrguadalajara.com/post.php?id_nota=204603;
Instalan este mes estaciones de Mi Bici al oriente del AMG;11/10/2023;Mural;Bicicleta;Bici pública;Infraestructura;https://www.mural.com.mx/instalan-este-mes-estaciones-de-mi-bici-al-oriente-del-amg/ar2691038;
San Juan de Dios, entre las nuevas colonias a donde llegará Mi Bici;11/10/2023;El Informador;Bicicleta;Bici pública;Infraestructura;https://www.informador.mx/jalisco/San-Juan-de-Dios-entre-las-nuevas-colonias-a-donde-llegara-Mi-Bici-20231011-0107.html;
"Abandonan a personas heridas en ciclopuerto reportado como riesgoso en Guadalajara; una de ellas muere";26/09/2023;UDGTV;Bicicleta;Bici pública;Inseguridad;https://udgtv.com/noticias/abandonan-a-personas-heridas-en-ciclopuerto/197634;
Tiene Bus Bici cero fatalidades en un año;26/09/2023;Mural;Bicicleta;Busbici;Siniestralidad;https://www.mural.com.mx/tiene-bus-bici-cero-fatalidades-en-un-ano/ar2682301;
Ciclistas de la metrópoli, con derechos y obligaciones;25/09/2023;NTR Guadalajara;Bicicleta;Ley;Cultura vial;https://www.ntrguadalajara.com/post.php?id_nota=203662;
"Denuncian ciclopuerto inseguro en la colonia Mezquitan; han reportado asaltos";25/09/2023;EL Occidental;Bicicleta;Bici pública;Inseguridad;https://www.eloccidental.com.mx/local/denuncian-ciclopuerto-inseguro-en-la-colonia-mezquitan-han-reportado-asaltos-10751549.html;
Suman 13 ciclistas fallecidos en 2023 en el AMG;25/09/2023;Lider 919;Bicicleta;Siniestralidad;Varios;https://lider919.com/suman-13-ciclistas-fallecidos-en-2023-en-el-amg/;
Es Guadalupe la tercer ciclovía más demandada en el AMG;25/09/2023;Mural;Bicicleta;Ciclovía;Varios;https://www.mural.com.mx/es-guadalupe-la-tercer-ciclovia-mas-demandada-en-el-amg/ar2681408;
Ciclistas ruedan por las calles conmemorando el día mundial sin automóvil;24/09/2023;Canal 44;Bicicletas;Rodada;22 de septiembre;https://www.youtube.com/watch?v=X3HLNJ2ojbE;
Para 19 años la Vía Recreactiva sigue siendo un éxito para la convivencia familiar;24/09/2023;Canal 44;Bicicleta;Vía recreactiva;Varios;https://www.youtube.com/watch?v=uLuDadk6T4o;
La Vía RecreActiva cumplió 19 años, ¿recuerdas sus inicios?;24/09/2023;EL Occidental;Bicicleta;Vía recreactiva;Varios;https://www.eloccidental.com.mx/local/la-via-recreactiva-cumplio-19-anos-recuerdas-sus-inicios-10741715.html;
Impulsan uso de la bicicleta por el día mundial sin auto;23/09/2023;El Informador;Bicicleta;Actividades;22 de septiembre;https://www.informador.mx/jalisco/Zapopan-y-Guadalajara-Impulsan-uso-de-la-bicicleta-por-el-dia-mundial-sin-auto-20230922-0107.html;
"Con mil ejemplares físicos y sin estrategia de distribución dan a conocer el nuevo ""Manual de ciclismo urbano metropolitano""";22/09/2023;UDGTV;Bicicleta;cultura vial;Manual;https://udgtv.com/noticias/con-mil-ejemplares-fisicos-y-sin-estrategia-de-distribucion/197182;
Aumentó 24% el uso de la bici en el Área Metropolitana en 2022, según una Encuesta realizada por la AMIM;21/09/2023;Lider 919;Bicicletla;Uso;Varios;https://lider919.com/aumento-24-el-uso-de-la-bici-en-el-area-metropolitana-en-2022-segun-una-encuesta-realizada-por-la-amim/;
La ciclovía de La Paz es la más usada en la ciudad;21/09/2023;Lider 919;Bicicletla;Ciclovía;Varios;https://lider919.com/la-ciclovia-de-la-paz-es-la-mas-usada-en-la-ciudad/;
Presentan nuevo manual ciclista para sumar a más personas a este medio de transporte;21/09/2023;El Informador;Bicicleta;cultura vial;Manual;https://www.informador.mx/jalisco/Presentan-nuevo-manual-ciclista-para-sumar-a-mas-personas-a-este-medio-de-transporte-20230921-0130.html;
VIDEO: Captan a ciclista pedaleando sobre carriles centrales de Mariano Otero;20/09/2023;Azteca Jalisco;Bicicleta;Denuncia;Varios;https://www.aztecajalisco.com/azteca-noticias/captan-ciclista-pedaleando-carriles-centrales-mariano-otero;
Ciclistas hacen 817 viajes cada 15 minutos;19/09/2023;UDGTV;Bicicleta;Semana de la movilidad;Aforo;https://udgtv.com/noticias/ciclistas-hacen-817-viajes-cada-15-minutos-/196860;
En 2023 Guadalajara habilitará 30 km de nuevas ciclovías;12/09/2023;Lider 919;Bicicleta;Ciclovía;Infraestructura;https://lider919.com/en-2023-guadalajara-habilitara-30-km-de-nuevas-ciclovias/;
Aumentan 500% recorridos ciclistas en avenida Hidalgo por Bus Bici;12/09/2023;Lider 919;Bicicleta;Infraestructura;Varios;https://lider919.com/aumentan-500-recorridos-ciclistas-en-avenida-hidalgo-por-bus-bici/;
Vía RecreActiva cumple 19 años de vida y atrae a 100 mil personas cada domingo;10/09/2023;Crónica Jalisco;Bicicleta;Vía recreactiva;Varios;https://www.cronicajalisco.com/notas-via_recreactiva_cumple_19_anos_de_vida_y_atrae_a_100_mil_personas_cada_domingo-123220-2023;
Sigue en pie ampliación del BusBici de avenida Hidalgo-República;08/09/2023;Notisistema;Bicicleta;Ciclovía;Bus bici;https://www.notisistema.com/noticias/sigue-en-pie-ampliacion-del-busbici-de-avenida-hidalgo-republica/;
Para el próximo año se aplicará el Bus Bici de Guadalajara;08/09/2023;EL occidental;Bicicleta;Ciclovía;Bus bici;https://www.eloccidental.com.mx/local/para-el-proximo-ano-se-aplicara-el-bus-bici-de-guadalajara-10663576.html;
Inauguran ciclovía de Av. Javier Mina... con detallitos;08/09/2023;Mural;Bicicleta;Ciclovía;Varios;https://www.mural.com.mx/inauguran-ciclovia-de-av-javier-mina-con-detallitos/ar2671812;
Inauguran Corredor Integral Javier Mina en Guadalajara;07/09/2023;El Informador;Bicicleta;Ciclovía;Infraestructura;https://www.informador.mx/jalisco/Guadalajara-Inauguran-Corredor-Integral-Javier-Mina-20230907-0089.html;
BusBici, con 0 muertes en su implementación;07/09/2023;NTR Guadalajara;Bicicleta;Ciclovía;Siniestralidad;https://www.ntrguadalajara.com/post.php?id_nota=202882;
De Tetlán a la Calzada: la ciclovía de Javier Mina es la más grande en Guadalajara;07/09/2023;UDGTV;Bicicleta;Ciclovía;Varios;https://udgtv.com/noticias/la-ciclovia-de-javier-mina-es-la-mas-grande-en-guadalajara/195768;
Pese a nueva ciclovía, aún falta cultura vial: ciclistas;06/09/2023;NTR Guadalajara;Bicicleta;cultura vial;Varios;https://www.ntrguadalajara.com/post.php?id_nota=202832;
BusBici: toleran invasión de carril;05/09/2023;NTR Guadalajara;Bicicleta;Ciclovía;Bici bus;https://www.ntrguadalajara.com/post.php?id_nota=202774;
Con nueva ciclovía de Javier Mina, llegarán a 134 kilómetros sólo para bicis en Guadalajara;05/09/2023;El Informador;Bicicleta;Ciclovía;Infraestructura;https://www.informador.mx/jalisco/Vialidad-Con-nueva-ciclovia-de-Javier-Mina-llegaran-a-134-kilometros-solo-para-bicis-en-Guadalajara-20230905-0040.html;
"Lista ciclovía Javier Mina; buscan instalar estaciones";05/09/2023;Mural;Bicicleta;Bici pública;Varios;https://www.mural.com.mx/lista-ciclovia-javier-mina-buscan-instalar-estaciones/ar2669875;
Ciclovías: La mayoría pone en riesgo a los ciclistas del Área Metropolitana de Guadalajara;04/09/2023;EL occidental;Bicicleta;Ciclovía;Siniestralidad;https://www.eloccidental.com.mx/local/ciclovias-la-mayoria-pone-en-riesgo-a-los-ciclistas-del-area-metropolitana-de-guadalajara-10633762.html;
Periférico: Sus cruces resultan peligrosos para ciclistas y peatones;04/09/2023;EL occidental;Bicicleta;Cruces;Siniestralidad;https://www.eloccidental.com.mx/local/periferico-sus-cruces-resultan-peligrosos-para-ciclistas-y-peatones-10634757.html;
Ciclistas piden rehabilitar carril del BusBici de Guadalajara;02/09/2023;EL occidental;Bicicleta;Ciclovía;Mantenimiento;https://www.eloccidental.com.mx/local/ciclistas-piden-rehabilitar-carril-del-busbici-de-guadalajara-10633476.html;
Edgar Salía de Trabajar En Su Turno Nocturno Cuando Fue Atropellado en Guadalajara;27/08/2023;Nmas;Bicicleta;Bus bici;Siniestralidad;https://www.nmas.com.mx/nmas-local/programas/las-noticias-guadalajara/videos/edgar-salia-trabajar-en-su-turno-nocturno-cuando-fue-atropellado-guadalajara;
Presentan biciescuela itinerante para mujeres;19/08/2023;El Informador;Bicicleta;Educación;Talleres;https://www.informador.mx/jalisco/Presentan-biciescuela-itinerante-para-mujeres-20230819-0098.html;
Llega a 10 el numero de ciclistas muertos;17/08/2023;Trafico ZMG;Bicicleta;Siniestralidad;Estadistica;https://traficozmg.com/2023/08/llega-a-10-el-numero-de-ciclistas-muertos-en-este-2023/;
Repartidor se impacta contra un ciclista;17/08/2023;Trafico ZMG;Bicicleta;Siniestralidad;Motocicleta;https://traficozmg.com/2023/08/repartidor-se-impacta-contra-un-ciclista/;
Nuevo reglamento vial deja sin sanciones a los ciclistas;12/08/2023;El Informador;Bicicleta;Reglamento;Sansiones;https://www.informador.mx/Vialidad-Nuevo-reglamento-vial-deja-sin-sanciones-a-los-ciclistas-l202308120001.html;
Con plataforma interactiva, ciclistas podrán medir riesgos en la ZMG en tiempo real;11/08/2023;El Informador;Bicicleta;Siniestralidad;Información;https://www.informador.mx/jalisco/Ciclismo-urbano-Con-plataforma-interactiva-ciclistas-podran-medir-riesgos-en-la-ZMG-en-tiempo-real-20230811-0087.html;
Mejoras al sistema de MiBici aún no se perciben: usuarios;11/08/2023;NTR Guadalajara;Bicicleta;Bici pública;Servicio;https://www.ntrguadalajara.com/post.php?id_nota=201745;
Periférico y Carretera a Chapala, las más riesgosas para ciclistas en la ZMG;11/08/2023;El Informador;Bicicleta;Siniestralidad;Varios;https://www.informador.mx/jalisco/Jalisco-Periferico-y-Carretera-a-Chapala-las-vias-mas-riesgosas-para-ciclistas-en-la-ZMG-20230811-0094.html;
Ciclopueretos de mi bici seran vigilados por C5;09/08/2023;Trafico ZMG;Bicicleta;Bici pública;Seguridad  ;https://traficozmg.com/2023/08/ciclopuertos-de-mi-bici-seran-vigilados-con-c5-guadalajara/;
Donde hay ciclovias en Guadalajara;09/08/2023;Soy nomada;Bicicleta;Ciclovía;Varios;https://www.soynomada.news/viajes/Donde-hay-ciclovias-en-Guadalajara-y-en-que-calles-estan-20230809-0004.html;
Instalan botones de pánico en ciclopuertos de MiBici;09/08/2023;El Informador;Bicicleta;Bici pública;Violencia de género;https://www.informador.mx/jalisco/Guadalajara-Instalaran-botones-de-panico-en-ciclopuertos-de-MiBici-20230809-0120.html;
Es facil moverse en bicicleta por el centro de Guadalajara;08/08/2023;Soy nomada;Bicicleta;Uso;Varios;https://www.soynomada.news/mochileros/Es-facil-moverse-en-bicicleta-en-el-centro-de-Guadalajara-20230808-0001.html;
Invierten 40 mdp en más ciclovías para la Ciudad;07/08/2023;Mural;Bicicleta;Ciclovía;Infraestructura;https://www.mural.com.mx/invierten-40-mdp-en-mas-ciclovias-para-la-ciudad/ar2653552;
¿Falta de ciclovías? Jalisco queda a media tabla en uso de bici como medio de transporte;02/08/2023;Canal 44;Bicicleta;Uso;Varios;https://www.youtube.com/watch?v=Xq4BAvV0RzI;
Uno de cada seis usa la bicicleta como medio de transporte en Jalisco;02/08/2023;UDGTV;Bicicleta;Uso;Varios;https://udgtv.com/noticias/uno-de-cada-seis-usa-la-bicicleta-como-medio-de-transporte/193934;
Ciclovía de los poetas desaparecio;01/08/2023;Tribuna de la Bahia;Bicicleta;Ciclovía;Infraestructura;https://tribunadelabahia.com.mx/ciclovia-los-poetas-desaparecio-70436;
Ciclistas piden limpiar y respetar ciclovía de 8 de Julio en Tlaquepaque;28/07/2023;El Occidental;Bicicleta;Ciclovía;Mantenimiento;https://www.eloccidental.com.mx/local/ciclistas-piden-limpiar-y-respetar-ciclovia-de-8-de-julio-en-tlaquepaque-10452500.html;
Avanza ampliación del programa MiBici en ZMG;21/07/2023;Notisistema;Bicicleta;Bici pública;Infraestructura;https://www.notisistema.com/noticias/avanza-ampliacion-del-programa-mibici-en-zmg/;
Usuarios de Mi Bici no sienten mejora en servicio a pesar de reparación y llegada de bicicletas;21/07/2023;Canal 44;Bicicleta;Bici pública;Servicio;https://www.youtube.com/watch?v=0AnsBABhOv8;
¡A buscarlas! Llegan 112 bicicletas nuevas al sistema de MiBici;20/07/2023;El Informador;Bicicleta;Bici pública;Equipamiento;https://www.informador.mx/jalisco/Guadalajara-A-buscarlas-Llegan-112-bicicletas-nuevas-al-sistema-de-MiBici-20230720-0142.html;
Pese a quejas, sube uso de Mi Bici;20/07/2023;Mural;Bicicleta;Bici pública;Servicio;https://www.mural.com.mx/pese-a-quejas-sube-uso-de-mi-bici/ar2643755;
Critican Actuar de Ciclistas en el Centro;19/07/2023;Pagina24Jalisco;Bicicleta;Cultura vial;Denuncia;https://pagina24jalisco.com.mx/2023/07/19/local/critican-actuar-de-ciclistas-en-el-centro/;
Aseguran capacitar a prestadores de servicio en Vía Recreactiva para evitar accidentes;17/07/2023;El Informador;Bicicleta;Vía recreactiva;Varios;https://www.informador.mx/jalisco/Via-Recreactiva-ZMG-Aseguran-capacitar-a-prestadores-de-servicio-para-evitar-accidentes-20230717-0134.html;
Ciclista atropella a mujer en plena Vía Recreactiva;16/07/2023;El Informador;Bicicleta;Cultura vial;Siniestralidad;https://www.informador.mx/jalisco/Seguridad-en-Jalisco-Ciclista-atropella-a-mujer-en-plena-Via-Recreactiva-20230716-0041.html;
Realizan segunda rodada ciclista;11/07/2023;UDGTV;Bicicleta;Acciones;Seguridad vial;https://udgtv.com/radio/realizan-segunda-rodada-ciclista/;
Crean red de atención a ciclistas en La Primavera;11/07/2023;NTR Guadalajara;Bicicleta;Acciones;Siniestralidad;https://ntrguadalajara.com/post.php?id_nota=200355;
Una Ciclovía Desde La Zona Hotelera Hasta El Malecón.;05/07/2023;Reporte diario;Bicicleta;Ciclovía;Infraestructura;https://www.reportediario.com.mx/noticias/puerto-vallarta/una-ciclovia-desde-la-zona-hotelera-hasta-el-malecon.;
Quinta etapa de MiBici costará 61.5 mdp;03/07/2023;NTR Guadalajara;Bicicleta;Bici pública;Infraestructura;https://www.ntrguadalajara.com/post.php?id_nota=199952;
La audacia del “cochecentrismo” y su comedia involuntaria;01/07/2023;Somos el medio;Bicicleta;Infraestructura;Opiniones;https://www.somoselmedio.com/la-audacia-del-cochecentrismo-y-su-comedia-involuntaria/?amp=1;
Autoridades y vecinos elegirán ubicación de puertos de MiBici;30/06/2023;El Informador;Bicicleta;Bici pública;Infraestructura;https://www.informador.mx/MiBici-Autoridades-y-vecinos-elegiran-ubicacion-de-nuevos-puertos-l202306300001.html;
Dos Ciclistas Colisionan En Etziquio Corona.;29/06/2023;Reporte diario;Bicicleta;Siniestralidad;Bicicleta;https://www.reportediario.com.mx/noticias/puerto-vallarta/dos-ciclistas-colisionan-en-etziquio-corona.;
A través de la rodada ciclista “Hazte Bicible” fomentan cultura vial;29/06/2023;UDGTV;Bicicleta;Rodada;Cultura vial;https://udgtv.com/noticias/nacional/traves-la-rodada-ciclista-hazte-bicible-fomentan-cultura-vial/;
MiBici llegará en octubre a la zona oriente de la metrópoli;28/06/2023;NTR Guadalajara;Bicicleta;Bici pública;Infraestructura;https://www.ntrguadalajara.com/post.php?id_nota=199773;
Justifican deficiencia de Mi Bici por incremento en demanda de usuarios;28/06/2023;Canal 44;Bicicleta;Bici pública;Mantenimiento;https://www.youtube.com/watch?v=qzXT2-QByls;
Piden mayor cobertura del programa Mi Bici hacia Tonalá y hacia Miravalle;27/06/2023;UDGTV;Bicicleta;Bici pública;Infraestructura;https://udgtv.com/noticias/piden-mayor-cobertura-del-programa-mi-bici-hacia-tonala-y-hacia-miravalle/;
Ruedan desnudos para ser vistos y promover las movilidad no motorizada;26/06/2023;Canal 44;Bicicleta;Rodada;Al desnudo;https://www.youtube.com/watch?v=n-tz4220_Gg;
Tapatías se unen a la rodada nacional de Morras para Morras;25/06/2023;El Informador;Bicicleta;Rodada;Género;https://www.informador.mx/jalisco/Guadalajara-Tapatias-se-unen-a-la-rodada-nacional-de-Morras-para-Morras-20230625-0085.html;
Rodada ciclista al desnudo: Conoce las calles por las que pasará;23/06/2023;El Occidental;Bicicleta;Rodada;Al desnudo;https://www.eloccidental.com.mx/local/rodada-ciclista-al-desnudo-conoce-las-calles-por-las-que-pasara-10268030.html;
MiBici tendrá 60 nuevas estaciones y 772 bicicletas más;23/06/2023;El Informador;Bicicleta;Bici pública;Infraestructura;https://www.informador.mx/jalisco/MiBici-tendra-60-nuevas-estaciones-y-772-bicicletas-mas-20230623-0111.html;
Ciclovía de Santa Cecilia será un hecho, pero se respetarán estacionamientos: Frangie;23/06/2023;El Occidental;Bicicleta;Ciclovía;Oposición;https://www.eloccidental.com.mx/local/ciclovia-de-santa-cecilia-sera-un-hecho-pero-se-respetaran-estacionamientos-frangie-10268529.html;
Incrementan 6% viajes de MiBici en primer semestre de 2023;23/06/2023;NTR Guadalajara;Bicicleta;Bici pública;Servicio;https://www.ntrguadalajara.com/post.php?id_nota=199576;
¡Basura y escombros! Así son las condiciones de ciclovía en Av. Guadalupe;21/06/2023;TV azteca;Bicicleta;Ciclovía;Mantenimiento;https://www.aztecajalisco.com/azteca-noticias/basura-escombros-condiciones-ciclovia-guadalupe;
Habitantes de Santa Cecilia, en Zapopan, rechazan construcción de ciclovía;20/06/2023;UDGTV;Bicicleta;Ciclovía;Rechazo;https://udgtv.com/noticias/habitantes-santa-cecilia-zapopan-rechazan-construccion-ciclovia/;
En julio inicia construcción de nuevo tramo de ciclovía en Av. 16 de septiembre;15/06/2023;Notisistema;Bicicleta;Ciclovía;Infraestructura;https://www.notisistema.com/noticias/en-julio-inicia-construccion-de-nuevo-tramo-de-ciclovia-en-av-16-de-septiembre/;
En agosto estaría lista la ciclovía de Javier Mina;15/06/2023;Notisistema;Bicicleta;Ciclovía;Infraestructura;https://www.notisistema.com/noticias/en-agosto-estaria-lista-la-ciclovia-de-javier-mina/;
Este año, ocho ciclistas han perdido la vida en Guadalajara;13/06/2023;Lider 919;Bicicleta;Siniestralidad;Datos;https://lider919.com/este-ano-8-ciclistas-han-perdido-la-vida-en-guadalajara/;
Denuncian Agresiones de Ciclistas;13/06/2023;Pagina24Jalisco;Bicicleta;Siniestralidad;Varios;https://pagina24jalisco.com.mx/2023/06/13/local/denuncian-agresiones-de-ciclistas/;
¡Casi muertos! Así lucen los árboles de la ciclovía de MiMacro Periférico;12/06/2023;TV azteca;Bicicleta;Ciclovía;Infraestructura;https://www.aztecajalisco.com/azteca-noticias/casi-muertos-lucen-arboles-ciclovia-mimacro-periferico;
Piden Ampliar la Vía Recreactiva;12/06/2023;Pagina24Jalisco;Bicicleta;Vía receractiva;Varios;https://pagina24jalisco.com.mx/2023/06/12/local/piden-ampliar-la-via-recreactiva/;
Tras medio siglo en la ciudad, Ignacio Martínez conoce Guadalajara en bicicleta por primera vez;11/06/2023;UDGTV;Bicicleta;Uso;Varios;https://udgtv.com/noticias/tras-medio-siglo-en-ciudad-ignacio-martinez-conoce-guadalajara-bicicleta-primera-vez/;
Advierten daños graves por ingreso de vehículos motorizados y bicis a La Primavera;09/06/2023;Notisistema;Bicicleta;Bosque primavera;Varios;https://www.notisistema.com/noticias/advierten-danos-graves-por-ingreso-de-vehiculos-motorizados-y-bicis-a-la-primavera/;
Expansión de MiBici entusiasma a Bici Blanca;08/06/2023;NTR Guadalajara;Bicicleta;Bici pública;Varios;https://www.ntrguadalajara.com/post.php?id_nota=198939;
¡A pedalear! Anuncian paseo en bicicleta para conocer los árboles más bonitos de Guadalajara;06/06/2023;El Occidental;Bicicleta;Rodada;Medio ambiente;https://www.eloccidental.com.mx/local/a-pedalear-anuncian-paseo-en-bicicleta-para-conocer-los-arboles-mas-bonitos-de-guadalajara-10178499.html;
Usuarios se manifiestan para exigir mantenimiento al servicio de MiBici;05/06/2023;Canal 44;Bicicleta;Bici pública;Manifestación;https://www.youtube.com/watch?app=desktop&v=fnjqqSj2qm8;
Hasta tres mil 500 usuarios por hora disfrutarán de Ciclovía de Javier Mina;05/06/2023;El Informador;Bicicleta;Ciclovía;Varios;https://www.informador.mx/jalisco/Guadalajara-Ciclovia-de-Javier-Mina-recibira-tres-mil-500-ciclistas-por-hora-20230605-0126.html;
Bici enfrenta retos para consolidarse como medio de transporte;04/06/2023;Pagina24Jalisco;Bicicleta;Día de la bici;Opiniones;https://pagina24jalisco.com.mx/2023/06/04/local/bici-enfrenta-retos-para-consolidarse-como-medio-de-transporte/;
Estas son las fallas que usuarios encuentran en MiBici;04/06/2023;El Informador;Bicicleta;Bici pública;Servicio;https://www.informador.mx/jalisco/MiBici-Estas-son-las-fallas-que-usuarios-encuentran-en-el-programa-de-bicicleta-publica-20230604-0075.html;
Impulsa GDL buen uso de la bici;04/06/2023;Mural;Bicicleta;Día de la bici;Varios;https://www.mural.com.mx/impulsa-gdl-buen-uso-de-la-bici/ar2617042;
Dan mapas ciclistas por Día Mundial de la Bici;04/06/2023;NTR Guadalajara;Bicicleta;Día de la bici;Varios;https://www.ntrguadalajara.com/post.php?id_nota=198717;
Hay fallas en MiBici;03/06/2023;Mural;Bicicleta;Bici pública;Fallas;https://www.mural.com.mx/hay-fallas-en-mibici/ar2616163?v=3;
Incorporarán 60 estaciones y 700 bicicletas a Mi Bici;03/06/2023;Lider 919;Bicicleta;Bici pública;Infraestructura;https://lider919.com/incorporaran-60-estaciones-y-700-bicicletas-a-mi-bici/;
Destinarán 63.7 mdp para nuevas estaciones de Mi Bici Pública en el AMG;03/06/2023;Milenio;Bicicleta;Bici pública;Infraestructura;https://www.milenio.com/politica/comunidad/bici-pubica-anuncio-ampliacion-reparacion-bicicletas;
Usuarios se manifiestan para exigir mantenimiento al servicio de MiBici;03/06/2023;UDGTV;Bicicleta;Bici pública;Manifestación;https://udgtv.com/noticias/usuarios-se-manifiestan-para-exigir-mantenimiento-al-servicio-de-mibici/;
Uso de bicicleta toma un papel más protagónico en Guadalajara;03/06/2023;Milenio;Bicicleta;Uso;Varios;https://www.milenio.com/politica/comunidad/guadalajara-cuanto-ha-crecido-el-uso-de-la-bicicleta;
“Necesitamos una ciudad más ciclista y menos cochista”;03/06/2023;Milenio;Bicicleta;Opiniones;Varios;https://www.milenio.com/politica/comunidad/guadalajara-aun-no-es-segura-para-ciclistas-dice-grecia-hernandez;
Denuncian fallas en el programa MiBici;02/06/2023;Notisistema;Bicicleta;Bici pública;Denuncia;https://www.notisistema.com/noticias/denuncian-fallas-en-el-programa-mibici/;
Un día antes de la protesta contra MiBici, “rescatan” 220 unidades para paliar la escasez;02/06/2023;UDGTV;Bicicleta;Bici pública;Equipamiento;https://udgtv.com/noticias/un-dia-antes-protesta-contra-mibici-rescatan-220-unidades-para-paliar-escasez/;
Protestarán este sábado por servicio deficiente de MiBici;02/06/2023;NTR Guadalajara;Bicicleta;Bici pública;Manifestación;https://www.ntrguadalajara.com/post.php?id_nota=198628;
Ante fallas en el servicio, baja el número de usuarios de MiBici;02/06/2023;Notisistema;Bicicleta;Bici pública;Varios;https://www.notisistema.com/noticias/ante-fallas-en-el-servicio-baja-el-numero-de-usuarios-de-mibici/;
Mayo, el mes con más afluencia en Bus-Bici de Avenida Hidalgo;01/06/2023;El Informador;Bicicleta;Bus bici;Varios;https://www.informador.mx/jalisco/Guadalajara-Mayo-el-mes-con-mas-afluencia-en-Bus-Bici-de-Avenida-Hidalgo-20230601-0099.html;
La caída de MiBici | Malos frenos y asientos que giran pone en riesgo a usuarios;01/06/2023;Canal 44;Bicicleta;Bici pública;Varios;https://www.youtube.com/watch?v=jd8KGvvCf-A;
Piden a ciclistas respetar el sentido de circulación en ciclovías;31/05/2023;Notisistema;Bicicleta;Ciclovía;Varios;https://www.notisistema.com/noticias/piden-a-ciclistas-respetar-el-sentido-de-circulacion-en-ciclovias/;
Pese a contratos millonarios, empresa proveedora de MiBici incumple en Guadalajara y en Ciudad de México;30/05/2023;UDGTV;Bicicleta;Bici pública;Varios;https://udgtv.com/noticias/pese-a-contratos-millonarios-empresa-proveedora-de-mibici-incumple-en-guadalajara-y-en-ciudad-de-mexico/;
"La caída de MiBici| Empresa canadiense gana licitación de MiBici etapa 5; BKT manteniente operación";30/05/2023;Canal 44;Bicicleta;Bici pública;Varios;https://www.youtube.com/watch?v=5xPCVz35uhk;
Comerciantes a favor de la ciclovía en Javier Mina, pero señalan hay afectaciones por obras;29/05/2023;Milenio;Bicicleta;Ciclovía;Infraestructura;https://www.milenio.com/politica/comunidad/ciclovia-javier-mina-comerciantes-favor-senalan-afectaciones;
"La caída de MiBici | Usuarios exigen respuestas a problemas de MiBici; ésta simplemente los ignora";29/05/2023;Canal 44;Bicicleta;Bici pública;Varios;https://www.youtube.com/watch?v=EdecejHyprI;
Video: Ciclistas reportan que automovilistas no respetan ciclovías en el Área Metropolitana;23/05/2023;TV azteca;Bicicleta;Ciclovía;Siniestralidad;https://www.aztecajalisco.com/azteca-noticias/ciclistas-reportan-automovilistas-no-respetan-ciclovias-amg;
Todo lo que debes saber sobre la ciclovía de avenida Javier Mina en Guadalajara;23/05/2023;Milenio;Bicicleta;Ciclovía;Varios;https://www.milenio.com/politica/comunidad/avenida-javier-mina-construccion-ciclovia-guadalajara;
Trabajadores de MiBici denuncian malas condiciones laborales que afecta al servicio: falta de bicicl;19/05/2023;Canal 44;Bicicleta;Bici pública;Varios;https://www.youtube.com/watch?v=5L0GD75ydNk;
Por antidoping, MiBici aplicó despido masivo en septiembre pasado;19/05/2023;Canal 44;Bicicleta;Bici pública;Varios;https://www.youtube.com/watch?v=Q364rlwklhk;
¡Por fin! Este día inician las obras de la ciclovía en Javier Mina;18/05/2023;El Informador;Bicicleta;Ciclovía;Infraestructura;https://www.informador.mx/jalisco/Guadalajara-Este-dia-inician-las-obras-de-la-ciclovia-en-Javier-Mina-20230518-0144.html;
Es insegura la ciclovía Obreros de Cananea;18/05/2023;El Occidental;Bicicleta;Ciclovía;Inseguridad;https://www.eloccidental.com.mx/local/es-insegura-la-ciclovia-obreros-de-cananea-10083748.html;
Recuerdan a ciclistas muertos con Rodada del silencio;18/05/2023;Heraldo;Bicicleta;Rodada;Siniestralidad;https://heraldodemexico.com.mx/nacional/2023/5/18/recuerdan-ciclistas-muertos-con-rodada-del-silencio-506474.html;
"MiBici lícita 60 estaciones y 772 bicicletas; usuarios reportan deficiencias en el servicio";15/05/2023;UDGTV;Bicicleta;Bici pública;Infraestructura;https://udgtv.com/noticias/mibici-licita-estaciones-y-bicicletas-usuarios-reportan-deficiencias-servicio/;
Arrollan a ciclista sobre el carril de Mi Macro Periférico;15/05/2023;NTR Guadalajara;Bicicleta;BRT;Siniestralidad;https://www.ntrguadalajara.com/post.php?id_nota=197891;
Paseantes de la Vía RecreActiva piden seguridad en torno a la zona de la Minerva, por robo de autopartes;14/05/2023;UDGTV;Bicicleta;Vía recractiva;Inseguridad;https://udgtv.com/noticias/paseantes-de-la-via-recreactiva-piden-seguridad-en-torno-a-la-zona-de-la-minerva-por-robo-de-autopartes/;
RESPONDE JOCOTEPEC A SIOP ANTE RESPONSABILIDAD DE ILUMINACIÓN DE CICLOVÍA;11/05/2023;Semanario laguna;Bicicleta;Ciclovía;Infraestructura;http://semanariolaguna.com/73702/;
Ciclovía de Javier Mina estará lista para este año: Pablo Lemus;09/05/2023;Lider 919;Bicicleta;Ciclovía;Infraestructura;https://lider919.com/ciclovia-de-javier-mina-estara-lista-para-este-anos-pablo-lemus/;
Ciclovía “Javier Mina” conectará desde Tetlán hasta San Juan de Dios;09/05/2023;Trafico ZMG;Bicicleta;Ciclovía;Infraestructura;https://traficozmg.com/2023/05/ciclovia-javier-mina-conectara-desde-tetlan-hasta-san-juan-de-dios/?fbclid=IwAR0GKj4Xql3tMEQiBi-sT0UVwN62ji709dy2iIGItQ0y_0rppnktGv18y6U;
Aunque construyan ciclovía, no rehabilitarán todas las banquetas de Javier Mina;08/05/2023;Notisistema;Bicicleta;Ciclovía;Infraestructura;https://www.notisistema.com/noticias/aunque-construyan-ciclovia-no-rehabilitaran-todas-las-banquetas-de-javier-mina/;
Afirma alcalde que ciclovía de Javier Mina, no se recorta, sino que se extiende;08/05/2023;Notisistema;Bicicleta;Ciclovía;Infraestructura;https://www.notisistema.com/noticias/afirma-alcalde-que-ciclovia-de-javier-mina-no-se-recorta-sino-que-se-extiende/;
Ven inexistentes ciclovías en AMG;06/05/2023;Mural;Bicicleta;Ciclovía;Infraestructura;https://www.mural.com.mx/ven-inexistentes-ciclovias-en-amg/ar2600062?v=2;
Alcalde de Zapotlanejo busca consolidar MiBici en el municipio;03/05/2023;El Occidental;Bicicleta;Bici pública;Infraestructura;https://www.eloccidental.com.mx/local/alcalde-de-zapotlanejo-busca-consolidar-mibici-en-el-municipio-10008257.html;
Revelan los mejores avances en los municipios de la ZMG;28/04/2023;El Informador;Bicicleta;Ciclovía;Varios;https://www.informador.mx/jalisco/Jalisco-Como-vamos-Revelan-los-mejores-avances-en-los-municipios-de-la-ZMG-20230426-0110.html;
Ciclista fue arrollado por el Tren al intentar ganarle el paso;26/04/2023;TV azteca;Bicicleta;Siniestralidad;Varios;https://www.aztecajalisco.com/azteca-noticias/ciclista-fue-arrollado-el-tren-al-intentar-ganarle-el-paso;
"Suman siete muertes de ciclistas en el AMG durante 2023; se reportaron 16 en todo el 2022";24/04/2023;Milenio;Bicicleta;Siniestralidad;Bici blanca;https://www.milenio.com/politica/comunidad/amg-suman-muertes-ciclistas-2023-16-2022;
Santuario de la bici: Rodada con causa para menores;24/04/2023;El Occidental;Bicicleta;Rodadas;Varios;https://www.eloccidental.com.mx/local/santuario-de-la-bici-rodada-con-causa-para-menores-9959422.html;
En aumento muertes de ciclistas;20/04/2023;Mural;Bicicleta;Siniestralidad;Bici blanca;https://www.mural.com.mx/en-aumento-muertes-de-ciclistas/ar2590918?v=2;
En ocho años, Mi Bici acumula 22.3 millones de viajes;18/04/2023;Milenio;Bicicleta;Bici pública;Varios;https://www.milenio.com/politica/comunidad/bici-anos-acumula-22-3-millones-viajes;
De esta forma, los ciclistas se cuidan de los accidentes viales en el AMG;18/04/2023;TV azteca;Bicicleta;Siniestralidad;Varios;https://www.aztecajalisco.com/azteca-noticias/esta-forma-ciclistas-cuidan-accidentes-viales-amg;
Sumarán 15 km de ciclovía, esta será su ubicación;17/04/2023;Publimetro;Bicicleta;Ciclovía;Infraestructura;https://www.publimetro.com.mx/puebla/2023/04/18/ciclovias-cuantos-kilometros-se-construiran-y-ubicacion/;
Ciclovías en Guadalajara genera debate entre ciclistas y automovilistas;17/04/2023;TV azteca;Bicicleta;Ciclovía;Varios;https://www.aztecajalisco.com/azteca-noticias/ciclovias-guadalajara-genera-debate-ciclistas-automovilistas;
Chocan opiniones por ciclovía en Paseos del Sol;16/04/2023;Mural;Bicicleta;Ciclovía;Opiniones;https://www.mural.com.mx/chocan-opiniones-por-ciclovia-en-paseos-del-sol/ar2587935;
"Vía RecreActiva de Tlaquepaque crecerá 2 km; apoyan expertos de la cicloruta más grande de América Latina";14/04/2023;UDGTV;Bicicleta;Vía recreactiva;Varios;https://udgtv.com/noticias/via-recreactiva-tlaquepaque-crecera-2km-apoyan-expertos-cicloruta-mas-grande-america-latina/;
"Alistan festejos por aniversario de Vía RecreActiva Tlaquepaque; Colombia país invitado";14/04/2023;Trafico ZMG;Bicicleta;Vía recreactiva;Varios;https://traficozmg.com/2023/04/alistan-festejos-por-aniversario-de-via-recreactiva-tlaquepaque-colombia-pais-invitado/?fbclid=IwAR0IKh5f4NhE5uOfXJlrkzxVwbzoXMq1T28Bx7atLmveFnhpjqSpfBgUHAI;
Llévate tu bicicleta en el Tren Ligero de Guadalajara y aprovecha los ciclopuertos en las estaciones;13/04/2023;Milenio;Bicicleta;Intermodalidad;Tren ligero;https://www.milenio.com/politica/comunidad/tren-ligero-de-guadalajara-como-llevar-tu-bicicleta-y-en-que-horario;
Lamentan deterioro de ciclovía y obstrucción de automovilistas en Guadalajara;11/04/2023;Milenio;Bicicleta;Ciclovía;Mantenimiento;https://www.milenio.com/politica/comunidad/guadalajara-ciclovia-perez-arce-presenta-deterioro;
Locales en Guadalajara cambian el auto por la bicicleta para distribuir su mercancía;24/03/2023;Canal 44;Bicicleta;Uso;Cargo;https://www.youtube.com/watch?app=desktop&v=WJEvI6n6Tho;
Van 6 ciclistas muertos tras atropellamientos;23/03/2023;NTR Guadalajara;Bicicleta;Siniestralidad;Bici blanca;https://www.ntrguadalajara.com/post.php?id_nota=195673;
Guadalajara, en transición de uso del vehículo a bicicleta de carga para distribución de mercancías;23/03/2023;Canal 44;Bicicleta;Uso;Cargo;https://www.youtube.com/watch?v=603W2rufnwM;
Aprovechan segundo día de Vía Recreactiva;20/03/2023;Meganoticias;Bicicleta;Vía recreactiva;Varios;https://www.meganoticias.mx/guadalajara/noticia/aprovechan-segundo-dia-de-via-recreactiva/408701;
Charlan mujeres ciclistas sobre la movilidad en la ZMG;19/03/2023;Mural;Bicicleta;Acciones ciudadanas;Charlas;https://www.mural.com.mx/charlan-mujeres-ciclistas-sobre-la-movilidad-en-la-zmg/ar2572161;
"Invaden ciclovías en la ZMG; ocultan multas";18/03/2023;Mural;Bicicleta;Ciclovía;Infracciones;https://www.mural.com.mx/invaden-ciclovias-en-la-zmg-ocultan-multas/ar2571784?v=5;
Ciudadanos ven con buenos ojos la ciclovía de Javier Mina;11/03/2023;El Occidental;Bicicleta;Ciclovía;Aceptación;https://www.eloccidental.com.mx/local/ciudadanos-ven-con-buenos-ojos-la-ciclovia-de-javier-mina-9751225.html;
SIN REGLAMENTOS LA CICLOPISTA EN LA RIBERA DE CHAPALA;07/03/2023;Seminario laguna;Bicicleta;Ciclovía;Ley;http://semanariolaguna.com/72513/;
Machuelos de concreto en ciclovías se quedan, determina el Ayuntamiento tapatío;06/03/2023;El Informador;Bicicleta;Ciclovía;Infraestructura;https://www.informador.mx/jalisco/Guadalajara-Quitaran-los-machuelos-de-concreto-en-ciclovias-Esto-dice-el-Ayuntamiento-20230306-0114.html;
Buscan construir ciclovía en Ayotlán;28/02/2023;UDGTV;Bicicleta;Ciclovía;Infraestructura;https://udgtv.com/noticias/ocotlan-noticias/buscan-construir-ciclovia-ayotlan/;
¿Se te ponchó la llanta de la bici? Te decimos a qué lugares acudir de la ZMG;24/02/2023;El Occidental;Bicicleta;Acciones de gobierno;Mapa;https://www.eloccidental.com.mx/doble-via/se-te-poncho-la-llanta-de-la-bici-te-decimos-a-que-lugares-acudir-de-la-zmg-9671110.html;
Ciclovía Javier Mina busca bajar lesiones y muertes ciclistas;20/02/2023;Lider 919;Bicicleta;Ciclovía;Siniestralidad;https://lider919.com/ciclovia-javier-mina-busca-bajar-lesiones-y-muertes-ciclistas/;
Ciclovías se extienden por Guadalajara, pero falta conectarlas y volverlas más seguras;12/02/2023;Publimetro;Bicicleta;Ciclovía;Infraestructura;https://www.publimetro.com.mx/jalisco/2023/02/12/cuales-son-las-ciclovias-mas-usadas-de-guadalajara/;
Suman 2 mil 640 ciclistas diarios en un solo sentido de Paseo Alcalde;09/02/2023;Notisistema;Bicicleta;Uso;Contador;https://www.notisistema.com/noticias/suman-2-mil-640-ciclistas-diarios-en-un-solo-sentido-de-paseo-alcalde/;
Preparan conexión ciclista de paseo Alcalde a Niños Héroes;09/02/2023;El Informador;Bicicleta;Ciclovía;Infraestructura;https://www.informador.mx/Ciclovia-Preparan-conexion-ciclista-de-paseo-Alcalde-a-Ninos-Heroes-l202302090002.html;
Motociclistas y automovilistas no respetan las ciclovías;09/02/2023;Pagina 24 Jalisco;Bicicleta;Ciclovía;Invasiones;https://pagina24jalisco.com.mx/2023/02/09/local/motociclistas-y-automovilistas-no-respetan-las-ciclovias/;
Presentan mapa para ciclistas en Guadalajara y Zapopan, ¿en qué consiste?;08/02/2023;El Informador;Bicicleta;Acciones de gobierno;Mapa;https://www.informador.mx/jalisco/Guadalajara-y-Zapopan-Presentan-mapa-para-ciclistas-en-que-consiste-20230207-0082.html;
Suben 20% viajes de MiBici en enero;08/02/2023;Mural;Bicicleta;Bici pública;Servicio;https://www.mural.com.mx/suben-20-viajes-de-mibici-en-enero/ar2549817;
En Paseo Alcalde circulan 2 mil 674 bicicletas al día, revela dispositivo contador;02/02/2023;Lider 919;Bicicleta;Uso;Contador;https://lider919.com/en-paseo-alcalde-circulan-2-mil-674-bicicletas-al-dia-revela-dispositivo-contador/;
Inician obras en las banquetas de Javier Mina para la ciclovía;26/01/2023;El Informador;Bicicleta;Ciclovía;Infraestructura;https://www.informador.mx/jalisco/Ciclovia-en-Javier-Mina-Inician-obras-en-las-banquetas-de-la-avenida-en-Guadalajara-20230126-0112.html;
Complejo transitar por la ciclovía de Guadalupe;26/01/2023;Pagina 24 Jalisco;Bicicleta;Ciclovía;Varios;https://pagina24jalisco.com.mx/2023/01/26/local/complejo-transitar-por-la-ciclovia-de-guadalupe/;
Falta estrategia en la implementación de infraestructura ciclista en AMG;25/01/2023;UDG  ;Bicicleta;Ciclovía;Infraestructura;https://www.udg.mx/es/noticia/falta-estrategia-en-la-implementacion-de-infraestructura-ciclista-en-amg;
EL TRAMO FUE ENTREGADO POR EL GOBIERNO DE JALISCO EL 17 DE DICIEMBRE;25/01/2023;Seminario Laguna;Bicicleta;Ciclovía;Infraestructura;http://semanariolaguna.com/71618/;
Bicicleta Blanca: la iniciativa que combate agresiones a ciclistas en Guadalajara;24/01/2023;Silla rota;Bicicleta;Siniestralidad;Bici blanca;https://lasillarota.com/estados/2023/1/24/bicicleta-blanca-la-iniciativa-que-combate-agresiones-ciclistas-en-guadalajara-411413.html;
Circulación en Javier Mina será normal pese a obras, asegura Pablo Lemus;23/01/2023;Milenio;Bicicleta;Ciclovía;Coches;https://www.milenio.com/politica/comunidad/javier-mina-circulacion-normal-pese-obras;
No se reducirán carriles durante intervención en la Avenida Javier Mina, aclara Lemus Navarro;23/01/2023;Lider 919;Bicicleta;Ciclovía;Infraestructura;https://lider919.com/no-se-reduciran-carriles-durante-la-intervencion-en-la-avenida-javier-mina-aclara-lemus-navarro/;
Pese a beneficios por las obras en Javier Mina, algunos comerciantes se oponen a la ciclovía;23/01/2023;UDGTV;Bicicleta;Ciclovía;Oposición;https://udgtv.com/noticias/pese-beneficios-por-obras-javier-mina-comerciantes-oponen-ciclovia/;
MiBici: Una alternativa de transporte que va ganando terreno;23/01/2023;El Occidental;Bicicleta;Bici pública;Varios;https://www.eloccidental.com.mx/local/mibici-una-alternativa-de-transporte-que-va-ganando-terreno-9480443.html;
Arrancará Guadalajara las obras del Corredor Integral Javier Mina;22/01/2023;Quadratin;Bicicleta;Ciclovía;Infraestructura;https://jalisco.quadratin.com.mx/guadalajara/arrancara-guadalajara-las-obras-del-corredor-integral-javier-mina/;
Usan como estacionamiento la ciclovía de avenida Guadalupe;22/01/2023;Pagina 24 Jalisco;Bicicleta;Ciclovía;Rechazo;https://pagina24jalisco.com.mx/2023/01/22/local/usan-como-estacionamiento-la-ciclovia-de-avenida-guadalupe/;
Piden garantizar seguridad de ciclistas para convivir con automovilistas;19/01/2023;NTR Guadalajara;Bicicleta;Siniestralidad;Infraestructura;https://www.ntrguadalajara.com/post.php?id_nota=192968;
Repuntan viajes de MiBici y planean ampliar estaciones;19/01/2023;El Informador;Bicicleta;Bici pública;Servicio;https://www.informador.mx/MiBici-Repuntan-viajes-y-planean-ampliar-estaciones-l202301190002.html;
Usuarios de MiBici piden la ampliación de ciclopuertos y mejorar mantenimiento;18/01/2023;El Informador;Bicicleta;Bici pública;Servicio;https://www.informador.mx/jalisco/MiBici-Usuarios-piden-la-ampliacion-de-ciclopuertos-y-mejorar-mantenimiento-en-bicicletas-20230118-0165.html;
Sistema Mi Bici cierra 2022 con 10 % menos viajes que antes de la pandemia;16/01/2023;UDGTV;Bicicleta;Bici pública;Servicio;https://udgtv.com/noticias/sistema-mi-bici-cierra-2022-10-menos-viajes-que-antes-de-pandemia/;
En 2022, 109 personas fallecieron por atropellamiento en Jalisco;12/01/2023;Milenio;Bicicleta;Siniestralidad;Bici blanca;https://www.milenio.com/politica/comunidad/jalisco-2022-109-personas-fallecieron-atropellamiento;
La VíaRecreActiva de Zapopan es un espacio para disfrutar en familia;08/01/2023;El Occidental;Bicicleta;Vía recreactiva;Varios;https://www.eloccidental.com.mx/local/la-viarecreactiva-de-zapopan-es-un-espacio-para-disfrutar-en-familia-9436675.html;
Video: Ciclista fue atropellado luego de una discusión en Zapopan;03/01/2023;TV Azteca;Bicicleta;Siniestralidad;Varios;https://www.aztecajalisco.com/noticias/videos/ciclista-fue-atropellado-luego-de-una-discusion-en-zapopan;
Realiza Mi Bici una encuesta a usuarios para mejorar el servicio en 2023 ;02/01/2023;UDGTV;Bicicleta;Bici pública;Varios;https://udgtv.com/noticias/realiza-mi-bici-una-encuesta-a-usuarios-para-mejorar-servicio-en-2023/;
